{
 "/home/jherbots/Documents/projects/cross_layer_godash_paper/vegvisir/logs/cross_layer_paper/2023-02-27T_11-49-02/godashcl-bba2cl-ed-4s__tc-netem-cl-paper__quic-go/client/files/4sec_isoff-live_ElephantsDream_4s39.m4s.json": {
  "O23": 5.0,
  "O34": [
   1.838245736302177,
   1.838245736302177,
   1.838245736302177,
   1.838245736302177,
   1.838245736302177,
   1.838245736302177,
   1.838245736302177,
   1.838245736302177,
   1.838245736302177,
   1.838245736302177,
   1.838245736302177,
   1.838245736302177,
   1.838245736302177,
   1.838245736302177,
   1.838245736302177,
   2.2311833107130767,
   2.2311833107130767,
   2.2311833107130767,
   2.2311833107130767,
   2.2311833107130767,
   2.2574376113534416,
   2.2574376113534416,
   2.2574376113534416,
   2.2574376113534416,
   2.2858459439054313,
   2.2858459439054313,
   2.2858459439054313,
   2.2858459439054313,
   2.3668630079031354,
   2.3668630079031354,
   2.3668630079031354,
   2.3668630079031354,
   2.4244869507694373,
   2.4244869507694373,
   2.4244869507694373,
   2.4244869507694373,
   3.5593646207172256,
   3.5593646207172256,
   3.5593646207172256,
   3.6179359006776792,
   3.6179359006776792,
   3.6179359006776792,
   3.6179359006776792,
   4.594044376794981,
   4.594044376794981,
   4.594044376794981,
   4.594044376794981,
   4.673351917493063,
   4.673351917493063,
   4.673351917493063,
   4.673351917493063,
   4.583864483775211,
   4.583864483775211,
   4.583864483775211,
   4.583864483775211,
   3.621694059276376,
   3.621694059276376,
   3.621694059276376,
   3.621694059276376,
   3.5793645395004816,
   3.5793645395004816,
   3.5793645395004816,
   3.5793645395004816,
   2.323994340296134,
   2.323994340296134,
   2.323994340296134,
   2.323994340296134,
   1.838245736302177,
   1.838245736302177,
   1.838245736302177,
   1.838245736302177,
   1.838245736302177,
   1.838245736302177,
   1.838245736302177,
   1.838245736302177,
   1.838245736302177,
   1.838245736302177,
   1.838245736302177,
   1.838245736302177,
   1.838245736302177,
   1.838245736302177,
   1.838245736302177,
   1.838245736302177,
   1.838245736302177,
   1.838245736302177,
   1.838245736302177,
   1.838245736302177,
   1.838245736302177,
   1.838245736302177,
   1.838245736302177,
   1.838245736302177,
   1.838245736302177,
   1.838245736302177,
   1.838245736302177,
   1.838245736302177,
   1.838245736302177,
   1.838245736302177,
   1.838245736302177,
   1.838245736302177,
   1.838245736302177,
   1.838245736302177,
   1.838245736302177,
   1.838245736302177,
   1.838245736302177,
   2.2055352485910307,
   2.2055352485910307,
   2.2055352485910307,
   2.2055352485910307,
   2.258428965406317,
   2.258428965406317,
   2.258428965406317,
   2.258428965406317,
   2.3107459650313085,
   2.3107459650313085,
   2.3107459650313085,
   2.3107459650313085,
   2.3831507804731986,
   2.3831507804731986,
   2.3831507804731986,
   2.3831507804731986,
   2.4042397073071724,
   2.4042397073071724,
   2.4042397073071724,
   2.4042397073071724,
   3.5751603366735694,
   3.5751603366735694,
   3.5751603366735694,
   3.5751603366735694,
   3.621227789716338,
   3.621227789716338,
   3.621227789716338,
   3.621227789716338,
   4.60212498964481,
   4.60212498964481,
   4.60212498964481,
   4.60212498964481,
   4.6526431239649435,
   4.6526431239649435,
   4.6526431239649435,
   4.6526431239649435,
   4.726355394583463,
   4.726355394583463,
   4.726355394583463,
   4.726355394583463,
   4.8069973062995315,
   4.8069973062995315,
   4.8069973062995315,
   4.8069973062995315,
   5.0,
   5.0,
   5.0,
   5.0,
   5.0,
   5.0,
   5.0,
   5.0
  ],
  "O35": 2.6665654004219754,
  "O46": 2.707946249958481,
  "date": "2023-02-27T12:33:03.604398",
  "mode": 0,
  "streamId": 42
 }
}
