{
 "/home/jherbots/Documents/projects/cross_layer_godash_paper/vegvisir/logs/cross_layer_paper/2023-02-27T_11-49-02/godashcl-bba2cl-ofm-2s__tc-netem-cl-paper__quic-go/client/files/2sec_isoff-live_OfForestAndMen_2s66.m4s.json": {
  "O23": 5.0,
  "O34": [
   1.838245736302177,
   1.838245736302177,
   1.838245736302177,
   1.838245736302177,
   1.838245736302177,
   1.838245736302177,
   1.838245736302177,
   1.838245736302177,
   1.838245736302177,
   1.838245736302177,
   1.838245736302177,
   2.220543414829188,
   2.220543414829188,
   2.2677500312137,
   2.2677500312137,
   2.3008769553565243,
   2.3008769553565243,
   2.372575288684424,
   2.372575288684424,
   3.532671370923129,
   3.532671370923129,
   3.5734141973002753,
   3.5734141973002753,
   3.617578621611972,
   3.617578621611972,
   4.134268322247671,
   4.134268322247671,
   4.189476909818089,
   4.189476909818089,
   4.262174035090628,
   4.262174035090628,
   4.316258401589655,
   4.316258401589655,
   1.838245736302177,
   1.838245736302177,
   1.838245736302177,
   1.838245736302177,
   1.838245736302177,
   1.838245736302177,
   1.838245736302177,
   1.838245736302177,
   1.838245736302177,
   1.838245736302177,
   1.838245736302177,
   1.838245736302177,
   1.838245736302177,
   1.838245736302177,
   1.838245736302177,
   1.838245736302177,
   1.838245736302177,
   1.838245736302177,
   2.224926693342588,
   2.224926693342588,
   2.276074288527093,
   2.276074288527093,
   2.2910714830454504,
   2.2910714830454504,
   2.3543206037400672,
   2.3543206037400672,
   3.5074024519023856,
   3.5074024519023856,
   3.556730863846263,
   3.556730863846263,
   3.598877170191444,
   3.598877170191444,
   4.1304125386306145,
   4.1304125386306145,
   4.192049622078215,
   4.192049622078215,
   1.838245736302177,
   1.838245736302177,
   1.838245736302177,
   1.838245736302177,
   1.838245736302177,
   1.838245736302177,
   1.838245736302177,
   1.838245736302177,
   1.838245736302177,
   1.838245736302177,
   1.838245736302177,
   1.838245736302177,
   1.838245736302177,
   1.838245736302177,
   1.838245736302177,
   1.838245736302177,
   1.838245736302177,
   1.838245736302177,
   1.838245736302177,
   1.838245736302177,
   1.838245736302177,
   2.2269400839928353,
   2.2269400839928353,
   2.2675613928151908,
   2.2675613928151908,
   2.302170434913713,
   2.302170434913713,
   2.3663199620225206,
   2.3663199620225206,
   3.5267255261982062,
   3.5267255261982062,
   3.5711827373747265,
   3.5711827373747265,
   3.614917482139167,
   3.614917482139167,
   4.126746204533715,
   4.126746204533715,
   4.1941025031093435,
   4.1941025031093435,
   4.256443582906058,
   4.256443582906058,
   4.261413254554029,
   4.261413254554029,
   4.2613588328463345,
   4.2613588328463345,
   4.264392191654868,
   4.264392191654868,
   4.263896495504017,
   4.263896495504017,
   4.316709637988556,
   4.316709637988556,
   4.310998245661247,
   4.310998245661247,
   4.324517129813779,
   4.324517129813779,
   4.317041703045419,
   4.317041703045419,
   4.314035363760086,
   4.314035363760086,
   4.308409239818253,
   4.308409239818253,
   4.328010638648744,
   4.328010638648744
  ],
  "O35": 2.768718220656664,
  "O46": 2.783118257133356,
  "date": "2023-02-27T12:10:07.212663",
  "mode": 0,
  "streamId": 42
 }
}
