{
 "/home/jherbots/Documents/projects/cross_layer_godash_paper/vegvisir/logs/cross_layer_paper/2023-02-27T_11-49-02/godashcl-bba2-bbb-6s__tc-netem-cl-paper__quic-go/client/files/6sec_isoff-live_BigBuckBunny_6s23.m4s.json": {
  "O23": 4.549230355185336,
  "O34": [
   1.838245736302177,
   1.838245736302177,
   1.838245736302177,
   1.838245736302177,
   1.838245736302177,
   1.838245736302177,
   1.838245736302177,
   1.838245736302177,
   1.838245736302177,
   1.838245736302177,
   1.838245736302177,
   1.838245736302177,
   1.838245736302177,
   1.838245736302177,
   1.838245736302177,
   1.838245736302177,
   1.838245736302177,
   1.838245736302177,
   1.838245736302177,
   1.838245736302177,
   1.838245736302177,
   1.838245736302177,
   1.838245736302177,
   1.838245736302177,
   2.2198288116970875,
   2.2198288116970875,
   2.2198288116970875,
   2.2198288116970875,
   2.2198288116970875,
   2.2198288116970875,
   2.2596408860564487,
   2.2596408860564487,
   2.2596408860564487,
   2.2596408860564487,
   2.2596408860564487,
   2.2596408860564487,
   2.3124399179126787,
   2.3124399179126787,
   2.3124399179126787,
   2.3124399179126787,
   2.3124399179126787,
   2.3627225419806406,
   2.3627225419806406,
   2.3627225419806406,
   2.3627225419806406,
   2.3627225419806406,
   2.3627225419806406,
   2.4139171649325815,
   2.4139171649325815,
   2.4139171649325815,
   2.4139171649325815,
   2.4139171649325815,
   2.4139171649325815,
   3.4696220052635485,
   3.4696220052635485,
   3.4696220052635485,
   3.4696220052635485,
   3.4696220052635485,
   3.4696220052635485,
   3.5203314576566025,
   3.5203314576566025,
   3.5203314576566025,
   3.5203314576566025,
   3.5203314576566025,
   3.5203314576566025,
   4.568426973325665,
   4.568426973325665,
   4.568426973325665,
   4.568426973325665,
   4.568426973325665,
   4.568426973325665,
   4.626881564760339,
   4.626881564760339,
   4.626881564760339,
   4.626881564760339,
   4.626881564760339,
   4.626881564760339,
   4.626881564760339,
   4.717442632721481,
   4.717442632721481,
   4.717442632721481,
   4.717442632721481,
   4.717442632721481,
   4.717442632721481,
   4.490104225578928,
   4.490104225578928,
   4.490104225578928,
   4.490104225578928,
   4.490104225578928,
   4.490104225578928,
   4.50173365564587,
   4.50173365564587,
   4.50173365564587,
   4.50173365564587,
   4.50173365564587,
   4.50173365564587,
   3.463465114172668,
   3.463465114172668,
   3.463465114172668,
   3.463465114172668,
   3.463465114172668,
   3.463465114172668,
   3.531891566782769,
   3.531891566782769,
   3.531891566782769,
   3.531891566782769,
   3.531891566782769,
   3.531891566782769,
   3.5163727592339513,
   3.5163727592339513,
   3.5163727592339513,
   3.5163727592339513,
   3.5163727592339513,
   3.5163727592339513,
   3.5879984362244257,
   3.5879984362244257,
   3.5879984362244257,
   3.5879984362244257,
   3.5879984362244257,
   3.5879984362244257,
   4.582200627113493,
   4.582200627113493,
   4.582200627113493,
   4.582200627113493,
   4.582200627113493,
   4.582200627113493,
   4.655730310546688,
   4.655730310546688,
   4.655730310546688,
   4.655730310546688,
   4.655730310546688,
   4.655730310546688,
   4.721207785248171,
   4.721207785248171,
   4.721207785248171,
   4.721207785248171,
   4.721207785248171,
   4.721207785248171
  ],
  "O35": 3.1672878112750618,
  "O46": 3.03165311576795,
  "date": "2023-02-27T12:06:17.578571",
  "mode": 0,
  "streamId": 42
 }
}
