{
 "/home/jherbots/Documents/projects/cross_layer_godash_paper/vegvisir/logs/cross_layer_paper/2023-02-27T_11-49-02/godashcl-bba2-ed-6s__tc-netem-cl-paper__quic-go/client/files/6sec_isoff-live_ElephantsDream_6s23.m4s.json": {
  "O23": 4.541964208935594,
  "O34": [
   1.838245736302177,
   1.838245736302177,
   1.838245736302177,
   1.838245736302177,
   1.838245736302177,
   1.838245736302177,
   1.838245736302177,
   1.838245736302177,
   1.838245736302177,
   1.838245736302177,
   1.838245736302177,
   1.838245736302177,
   1.838245736302177,
   1.838245736302177,
   1.838245736302177,
   1.838245736302177,
   1.838245736302177,
   1.838245736302177,
   1.838245736302177,
   1.838245736302177,
   1.838245736302177,
   1.838245736302177,
   1.838245736302177,
   1.838245736302177,
   2.2248528097863582,
   2.2248528097863582,
   2.2248528097863582,
   2.2248528097863582,
   2.2248528097863582,
   2.2248528097863582,
   2.2671609876293912,
   2.2671609876293912,
   2.2671609876293912,
   2.2671609876293912,
   2.2671609876293912,
   2.2671609876293912,
   2.3022938228023273,
   2.3022938228023273,
   2.3022938228023273,
   2.3022938228023273,
   2.3022938228023273,
   2.3669944325998253,
   2.3669944325998253,
   2.3669944325998253,
   2.3669944325998253,
   2.3669944325998253,
   2.3669944325998253,
   2.3600051781781644,
   2.3600051781781644,
   2.3600051781781644,
   2.3600051781781644,
   2.3600051781781644,
   2.3600051781781644,
   3.5735100281797836,
   3.5735100281797836,
   3.5735100281797836,
   3.5735100281797836,
   3.5735100281797836,
   3.5735100281797836,
   3.6169785756015496,
   3.6169785756015496,
   3.6169785756015496,
   3.6169785756015496,
   3.6169785756015496,
   3.6169785756015496,
   4.5918536407274875,
   4.5918536407274875,
   4.5918536407274875,
   4.5918536407274875,
   4.5918536407274875,
   4.5918536407274875,
   4.651310502195151,
   4.651310502195151,
   4.651310502195151,
   4.651310502195151,
   4.651310502195151,
   4.651310502195151,
   4.651310502195151,
   4.65689873358559,
   4.65689873358559,
   4.65689873358559,
   4.65689873358559,
   4.65689873358559,
   4.65689873358559,
   4.568511806675666,
   4.568511806675666,
   4.568511806675666,
   4.568511806675666,
   4.568511806675666,
   4.568511806675666,
   3.6117214979070877,
   3.6117214979070877,
   3.6117214979070877,
   3.6117214979070877,
   3.6117214979070877,
   3.6117214979070877,
   3.5692973669342707,
   3.5692973669342707,
   3.5692973669342707,
   3.5692973669342707,
   3.5692973669342707,
   3.5692973669342707,
   2.4009736510968893,
   2.4009736510968893,
   2.4009736510968893,
   2.4009736510968893,
   2.4009736510968893,
   2.4009736510968893,
   2.4187920072091433,
   2.4187920072091433,
   2.4187920072091433,
   2.4187920072091433,
   2.4187920072091433,
   2.4187920072091433,
   3.58063551184578,
   3.58063551184578,
   3.58063551184578,
   3.58063551184578,
   3.58063551184578,
   3.58063551184578,
   3.6113993121649943,
   3.6113993121649943,
   3.6113993121649943,
   3.6113993121649943,
   3.6113993121649943,
   3.6113993121649943,
   4.596009004400271,
   4.596009004400271,
   4.596009004400271,
   4.596009004400271,
   4.596009004400271,
   4.596009004400271,
   4.664904646894573,
   4.664904646894573,
   4.664904646894573,
   4.664904646894573,
   4.664904646894573,
   4.664904646894573
  ],
  "O35": 2.9835198124947593,
  "O46": 2.7516873403873356,
  "date": "2023-02-27T12:40:41.733367",
  "mode": 0,
  "streamId": 42
 }
}
