{
 "/home/jherbots/Documents/projects/cross_layer_godash_paper/vegvisir/logs/cross_layer_paper/2023-02-27T_11-49-02/godashcl-bba2-ofm-2s__tc-netem-cl-paper__quic-go/client/files/2sec_isoff-live_OfForestAndMen_2s50.m4s.json": {
  "O23": 2.427144538013021,
  "O34": [
   1.838245736302177,
   1.838245736302177,
   1.838245736302177,
   1.838245736302177,
   1.838245736302177,
   1.838245736302177,
   1.838245736302177,
   1.838245736302177,
   1.838245736302177,
   1.838245736302177,
   1.838245736302177,
   2.220543414829188,
   2.220543414829188,
   2.2677500312137,
   2.2677500312137,
   2.3008769553565243,
   2.3008769553565243,
   2.372575288684424,
   2.372575288684424,
   3.532671370923129,
   3.532671370923129,
   3.5734141973002753,
   3.5734141973002753,
   3.617578621611972,
   3.617578621611972,
   4.134268322247671,
   4.134268322247671,
   4.189476909818089,
   4.189476909818089,
   4.262174035090628,
   4.262174035090628,
   4.316258401589655,
   4.316258401589655,
   4.348296021455151,
   4.348296021455151,
   4.294915778734838,
   4.294915778734838,
   4.230213372595245,
   4.230213372595245,
   4.194771168908945,
   4.194771168908945,
   4.129047470384238,
   4.129047470384238,
   3.6187278847914683,
   3.6187278847914683,
   3.5741270759298187,
   3.5741270759298187,
   3.4928341724889576,
   3.4928341724889576,
   2.36696386177036,
   2.36696386177036,
   2.309062914806215,
   2.309062914806215,
   2.276074288527093,
   2.276074288527093,
   2.211783558698358,
   2.211783558698358,
   2.2188800088434686,
   2.2188800088434686,
   2.258289093324459,
   2.258289093324459,
   2.2984999806488933,
   2.2984999806488933,
   2.3511866715767167,
   2.3511866715767167,
   3.5194908562631047,
   3.5194908562631047,
   3.5670370161587153,
   3.5670370161587153,
   3.617667501922122,
   3.617667501922122,
   3.617667501922122,
   4.124993535142315,
   4.124993535142315,
   4.174638937199927,
   4.174638937199927,
   4.180711831242143,
   4.180711831242143,
   4.248597499255405,
   4.248597499255405,
   4.247553046643074,
   4.247553046643074,
   4.255956172789493,
   4.255956172789493,
   4.260252844008665,
   4.260252844008665,
   4.251806345381922,
   4.251806345381922,
   4.247816796154238,
   4.247816796154238,
   4.303478598470292,
   4.303478598470292,
   4.3229341595156,
   4.3229341595156,
   4.316474233501317,
   4.316474233501317,
   4.32067139441825,
   4.32067139441825,
   4.32033679076223,
   4.32033679076223
  ],
  "O35": 3.242364887428158,
  "O46": 2.1747023494310245,
  "date": "2023-02-27T12:12:01.651676",
  "mode": 0,
  "streamId": 42
 }
}
