{
 "/home/jherbots/Documents/projects/cross_layer_godash_paper/vegvisir/logs/cross_layer_paper/2023-02-27T_11-49-02/godashcl-bba2cl-bbb-2s__tc-netem-cl-paper__quic-go/client/files/2sec_isoff-live_BigBuckBunny_2s66.m4s.json": {
  "O23": 5.0,
  "O34": [
   1.838245736302177,
   1.838245736302177,
   1.838245736302177,
   1.838245736302177,
   1.838245736302177,
   1.838245736302177,
   1.838245736302177,
   1.838245736302177,
   1.838245736302177,
   1.838245736302177,
   1.838245736302177,
   2.1959485627092845,
   2.1959485627092845,
   2.2703173934861534,
   2.2703173934861534,
   2.273142282516414,
   2.273142282516414,
   2.264510118722893,
   2.264510118722893,
   2.264510118722893,
   2.2998794424977684,
   2.2998794424977684,
   3.4624155922338185,
   3.4624155922338185,
   3.6176013819532105,
   3.6176013819532105,
   4.584531072058395,
   4.584531072058395,
   4.656942247844037,
   4.656942247844037,
   4.735005540011332,
   4.735005540011332,
   4.786285310361173,
   4.786285310361173,
   1.838245736302177,
   1.838245736302177,
   1.838245736302177,
   1.838245736302177,
   1.838245736302177,
   1.838245736302177,
   1.838245736302177,
   1.838245736302177,
   1.838245736302177,
   1.838245736302177,
   1.838245736302177,
   1.838245736302177,
   1.838245736302177,
   1.838245736302177,
   1.838245736302177,
   2.2184601496789575,
   2.2184601496789575,
   2.2463047709451804,
   2.2463047709451804,
   2.3113930118463135,
   2.3113930118463135,
   2.2632736086137646,
   2.2632736086137646,
   2.249630575066154,
   2.249630575066154,
   3.495756831124961,
   3.495756831124961,
   3.54602782750587,
   3.54602782750587,
   4.54822500019101,
   4.54822500019101,
   4.661150583872385,
   4.661150583872385,
   4.65978552346566,
   4.65978552346566,
   1.838245736302177,
   1.838245736302177,
   1.838245736302177,
   1.838245736302177,
   1.838245736302177,
   1.838245736302177,
   1.838245736302177,
   1.838245736302177,
   1.838245736302177,
   1.838245736302177,
   1.838245736302177,
   1.838245736302177,
   1.838245736302177,
   1.838245736302177,
   1.838245736302177,
   1.838245736302177,
   1.838245736302177,
   1.838245736302177,
   1.838245736302177,
   2.1922396360468466,
   2.1922396360468466,
   2.2184808015867263,
   2.2184808015867263,
   2.2340580549740356,
   2.2340580549740356,
   2.2886292375173607,
   2.2886292375173607,
   2.330684093504904,
   2.330684093504904,
   3.459134976086642,
   3.459134976086642,
   3.553888422724637,
   3.553888422724637,
   4.565104890296223,
   4.565104890296223,
   4.629492953309252,
   4.629492953309252,
   4.634932863482017,
   4.634932863482017,
   4.615631940178897,
   4.615631940178897,
   4.616018521731807,
   4.616018521731807,
   4.776271301467494,
   4.776271301467494,
   4.765989194167544,
   4.765989194167544,
   4.787758505339668,
   4.787758505339668,
   4.799909705742794,
   4.799909705742794,
   4.765528716208673,
   4.765528716208673,
   4.774658703654056,
   4.774658703654056,
   4.682605465595608,
   4.682605465595608,
   4.763573935301182,
   4.763573935301182,
   4.7250266805645325,
   4.7250266805645325,
   4.755263246315567,
   4.755263246315567
  ],
  "O35": 2.758317398961354,
  "O46": 2.9016057854228623,
  "date": "2023-02-27T11:52:55.232225",
  "mode": 0,
  "streamId": 42
 }
}
