{
 "/home/jherbots/Documents/projects/cross_layer_godash_paper/vegvisir/logs/cross_layer_paper/2023-02-27T_11-49-02/godashcl-bba2cl-bbb-4s__tc-netem-cl-paper__quic-go/client/files/4sec_isoff-live_BigBuckBunny_4s34.m4s.json": {
  "O23": 5.0,
  "O34": [
   1.838245736302177,
   1.838245736302177,
   1.838245736302177,
   1.838245736302177,
   1.838245736302177,
   1.838245736302177,
   1.838245736302177,
   1.838245736302177,
   1.838245736302177,
   1.838245736302177,
   1.838245736302177,
   1.838245736302177,
   1.838245736302177,
   1.838245736302177,
   1.838245736302177,
   2.2070800153488874,
   2.2070800153488874,
   2.2070800153488874,
   2.2070800153488874,
   2.2070800153488874,
   2.2084609445620886,
   2.2084609445620886,
   2.2084609445620886,
   2.2084609445620886,
   2.303491805894943,
   2.303491805894943,
   2.303491805894943,
   2.303491805894943,
   2.364601840811581,
   2.364601840811581,
   2.364601840811581,
   2.364601840811581,
   2.399109622655914,
   2.399109622655914,
   2.399109622655914,
   2.399109622655914,
   3.571506883646574,
   3.571506883646574,
   3.571506883646574,
   3.6154701606181785,
   3.6154701606181785,
   3.6154701606181785,
   3.6154701606181785,
   4.595915255047583,
   4.595915255047583,
   4.595915255047583,
   4.595915255047583,
   4.6610146229246165,
   4.6610146229246165,
   4.6610146229246165,
   4.6610146229246165,
   1.838245736302177,
   1.838245736302177,
   1.838245736302177,
   1.838245736302177,
   1.838245736302177,
   1.838245736302177,
   1.838245736302177,
   1.838245736302177,
   1.838245736302177,
   1.838245736302177,
   1.838245736302177,
   1.838245736302177,
   2.2038116594498205,
   2.2038116594498205,
   2.2038116594498205,
   2.2038116594498205,
   2.226898403175153,
   2.226898403175153,
   2.226898403175153,
   2.226898403175153,
   2.2638969580435626,
   2.2638969580435626,
   2.2638969580435626,
   2.2638969580435626,
   2.36407116104408,
   2.36407116104408,
   2.36407116104408,
   2.36407116104408,
   2.36407116104408,
   2.4025680011856876,
   2.4025680011856876,
   2.4025680011856876,
   2.4025680011856876,
   3.4682488146261963,
   3.4682488146261963,
   3.4682488146261963,
   3.4682488146261963,
   3.49183565427441,
   3.49183565427441,
   3.49183565427441,
   3.49183565427441,
   4.509493033252145,
   4.509493033252145,
   4.509493033252145,
   4.509493033252145,
   3.457539761347384,
   3.457539761347384,
   3.457539761347384,
   3.457539761347384,
   3.5307683592972743,
   3.5307683592972743,
   3.5307683592972743,
   3.5307683592972743,
   4.572871181320641,
   4.572871181320641,
   4.572871181320641,
   4.572871181320641,
   4.584255764823643,
   4.584255764823643,
   4.584255764823643,
   4.584255764823643,
   4.714088937491507,
   4.714088937491507,
   4.714088937491507,
   4.714088937491507,
   4.713062865832641,
   4.713062865832641,
   4.713062865832641,
   4.713062865832641,
   4.767390120394435,
   4.767390120394435,
   4.767390120394435,
   4.767390120394435,
   4.696806821808947,
   4.696806821808947,
   4.696806821808947,
   4.696806821808947,
   4.706901851386152,
   4.706901851386152,
   4.706901851386152,
   4.706901851386152,
   4.7565178539506485,
   4.7565178539506485,
   4.7565178539506485,
   4.7565178539506485
  ],
  "O35": 2.986075499589249,
  "O46": 3.123506140602953,
  "date": "2023-02-27T11:58:38.776660",
  "mode": 0,
  "streamId": 42
 }
}
