{
 "/home/jherbots/Documents/projects/cross_layer_godash_paper/vegvisir/logs/cross_layer_paper/2023-02-27T_11-49-02/godashcl-bba2cl-double-bbb-4s__tc-netem-cl-paper__quic-go/client/files/4sec_isoff-live_BigBuckBunny_4s38.m4s.json": {
  "O23": 5.0,
  "O34": [
   1.838245736302177,
   1.838245736302177,
   1.838245736302177,
   1.838245736302177,
   1.838245736302177,
   1.838245736302177,
   1.838245736302177,
   1.838245736302177,
   1.838245736302177,
   1.838245736302177,
   1.838245736302177,
   1.838245736302177,
   1.838245736302177,
   1.838245736302177,
   1.838245736302177,
   2.2070800153488874,
   2.2070800153488874,
   2.2070800153488874,
   2.2070800153488874,
   2.2070800153488874,
   2.2084609445620886,
   2.2084609445620886,
   2.2084609445620886,
   2.2084609445620886,
   2.303491805894943,
   2.303491805894943,
   2.303491805894943,
   2.303491805894943,
   2.364601840811581,
   2.364601840811581,
   2.364601840811581,
   2.364601840811581,
   2.399109622655914,
   2.399109622655914,
   2.399109622655914,
   2.399109622655914,
   3.571506883646574,
   3.571506883646574,
   3.571506883646574,
   3.6154701606181785,
   3.6154701606181785,
   3.6154701606181785,
   3.6154701606181785,
   4.595915255047583,
   4.595915255047583,
   4.595915255047583,
   4.595915255047583,
   4.6610146229246165,
   4.6610146229246165,
   4.6610146229246165,
   4.6610146229246165,
   1.838245736302177,
   1.838245736302177,
   1.838245736302177,
   1.838245736302177,
   1.838245736302177,
   1.838245736302177,
   1.838245736302177,
   1.838245736302177,
   1.838245736302177,
   1.838245736302177,
   1.838245736302177,
   1.838245736302177,
   2.2038116594498205,
   2.2038116594498205,
   2.2038116594498205,
   2.2038116594498205,
   2.226898403175153,
   2.226898403175153,
   2.226898403175153,
   2.226898403175153,
   2.2638969580435626,
   2.2638969580435626,
   2.2638969580435626,
   2.2638969580435626,
   2.36407116104408,
   2.36407116104408,
   2.36407116104408,
   2.36407116104408,
   2.36407116104408,
   2.4025680011856876,
   2.4025680011856876,
   2.4025680011856876,
   2.4025680011856876,
   3.4682488146261963,
   3.4682488146261963,
   3.4682488146261963,
   3.4682488146261963,
   3.49183565427441,
   3.49183565427441,
   3.49183565427441,
   3.49183565427441,
   1.838245736302177,
   1.838245736302177,
   1.838245736302177,
   1.838245736302177,
   1.838245736302177,
   1.838245736302177,
   1.838245736302177,
   1.838245736302177,
   1.838245736302177,
   1.838245736302177,
   1.838245736302177,
   1.838245736302177,
   2.2195619995066727,
   2.2195619995066727,
   2.2195619995066727,
   2.2195619995066727,
   2.2489668544614148,
   2.2489668544614148,
   2.2489668544614148,
   2.2489668544614148,
   2.299413963071458,
   2.299413963071458,
   2.299413963071458,
   2.299413963071458,
   2.3563299363786054,
   2.3563299363786054,
   2.3563299363786054,
   2.3563299363786054,
   2.395371505021676,
   2.395371505021676,
   2.395371505021676,
   2.395371505021676,
   3.538507516781372,
   3.538507516781372,
   3.538507516781372,
   3.538507516781372,
   3.600152218715686,
   3.600152218715686,
   3.600152218715686,
   3.600152218715686,
   4.585490789140462,
   4.585490789140462,
   4.585490789140462,
   4.585490789140462,
   4.660901268405664,
   4.660901268405664,
   4.660901268405664,
   4.660901268405664,
   4.72519676981233,
   4.72519676981233,
   4.72519676981233,
   4.72519676981233,
   4.699134129245847,
   4.699134129245847,
   4.699134129245847,
   4.699134129245847,
   5.0,
   5.0,
   5.0,
   5.0
  ],
  "O35": 2.6566689751901578,
  "O46": 2.6417689932323283,
  "date": "2023-02-27T11:56:44.278635",
  "mode": 0,
  "streamId": 42
 }
}
