{
 "/home/jherbots/Documents/projects/cross_layer_godash_paper/vegvisir/logs/cross_layer_paper/2023-02-27T_11-49-02/godashcl-bba2-ed-4s__tc-netem-cl-paper__quic-go/client/files/4sec_isoff-live_ElephantsDream_4s34.m4s.json": {
  "O23": 4.119886138935469,
  "O34": [
   1.838245736302177,
   1.838245736302177,
   1.838245736302177,
   1.838245736302177,
   1.838245736302177,
   1.838245736302177,
   1.838245736302177,
   1.838245736302177,
   1.838245736302177,
   1.838245736302177,
   1.838245736302177,
   1.838245736302177,
   1.838245736302177,
   1.838245736302177,
   1.838245736302177,
   2.2311833107130767,
   2.2311833107130767,
   2.2311833107130767,
   2.2311833107130767,
   2.2311833107130767,
   2.2574376113534416,
   2.2574376113534416,
   2.2574376113534416,
   2.2574376113534416,
   2.2858459439054313,
   2.2858459439054313,
   2.2858459439054313,
   2.2858459439054313,
   2.3668630079031354,
   2.3668630079031354,
   2.3668630079031354,
   2.3668630079031354,
   2.4244869507694373,
   2.4244869507694373,
   2.4244869507694373,
   2.4244869507694373,
   3.5593646207172256,
   3.5593646207172256,
   3.5593646207172256,
   3.6179359006776792,
   3.6179359006776792,
   3.6179359006776792,
   3.6179359006776792,
   4.594044376794981,
   4.594044376794981,
   4.594044376794981,
   4.594044376794981,
   4.673351917493063,
   4.673351917493063,
   4.673351917493063,
   4.673351917493063,
   4.583864483775211,
   4.583864483775211,
   4.583864483775211,
   4.583864483775211,
   3.621694059276376,
   3.621694059276376,
   3.621694059276376,
   3.621694059276376,
   3.5793645395004816,
   3.5793645395004816,
   3.5793645395004816,
   3.5793645395004816,
   2.323994340296134,
   2.323994340296134,
   2.323994340296134,
   2.323994340296134,
   2.3443128094565084,
   2.3443128094565084,
   2.3443128094565084,
   2.3443128094565084,
   2.2995522486574944,
   2.2995522486574944,
   2.2995522486574944,
   2.2995522486574944,
   2.2752914294032567,
   2.2752914294032567,
   2.2752914294032567,
   2.2752914294032567,
   2.2752914294032567,
   2.2254536936280647,
   2.2254536936280647,
   2.2254536936280647,
   2.2254536936280647,
   1.838245736302177,
   1.838245736302177,
   1.838245736302177,
   1.838245736302177,
   2.1754253926164036,
   2.1754253926164036,
   2.1754253926164036,
   2.1754253926164036,
   2.259426273285441,
   2.259426273285441,
   2.259426273285441,
   2.259426273285441,
   2.313613164051065,
   2.313613164051065,
   2.313613164051065,
   2.313613164051065,
   2.337860833495811,
   2.337860833495811,
   2.337860833495811,
   2.337860833495811,
   2.397986486086495,
   2.397986486086495,
   2.397986486086495,
   2.397986486086495,
   3.5568216449251158,
   3.5568216449251158,
   3.5568216449251158,
   3.5568216449251158,
   3.620569602595063,
   3.620569602595063,
   3.620569602595063,
   3.620569602595063,
   4.605949615430382,
   4.605949615430382,
   4.605949615430382,
   4.605949615430382,
   4.656382882707594,
   4.656382882707594,
   4.656382882707594,
   4.656382882707594,
   4.725874181451733,
   4.725874181451733,
   4.725874181451733,
   4.725874181451733,
   4.803545908521604,
   4.803545908521604,
   4.803545908521604,
   4.803545908521604,
   5.0,
   5.0,
   5.0,
   5.0
  ],
  "O35": 2.810196575852196,
  "O46": 2.5315563792195825,
  "date": "2023-02-27T12:34:57.814553",
  "mode": 0,
  "streamId": 42
 }
}
