{
 "/home/jherbots/Documents/projects/cross_layer_godash_paper/vegvisir/logs/cross_layer_paper/2023-02-27T_11-49-02/godashcl-bba2cl-double-ofm-4s__tc-netem-cl-paper__quic-go/client/files/4sec_isoff-live_OfForestAndMen_4s37.m4s.json": {
  "O23": 5.0,
  "O34": [
   1.838245736302177,
   1.838245736302177,
   1.838245736302177,
   1.838245736302177,
   1.838245736302177,
   1.838245736302177,
   1.838245736302177,
   1.838245736302177,
   1.838245736302177,
   1.838245736302177,
   1.838245736302177,
   1.838245736302177,
   1.838245736302177,
   1.838245736302177,
   1.838245736302177,
   2.2293528414283084,
   2.2293528414283084,
   2.2293528414283084,
   2.2293528414283084,
   2.2750189190814765,
   2.2750189190814765,
   2.2750189190814765,
   2.2750189190814765,
   2.3105999235965946,
   2.3105999235965946,
   2.3105999235965946,
   2.3105999235965946,
   2.368735194856055,
   2.368735194856055,
   2.368735194856055,
   2.368735194856055,
   3.518793157486387,
   3.518793157486387,
   3.518793157486387,
   3.518793157486387,
   3.5586697889286816,
   3.5586697889286816,
   3.5586697889286816,
   3.5586697889286816,
   3.6170702494130116,
   3.6170702494130116,
   3.6170702494130116,
   3.6170702494130116,
   4.1276891991580555,
   4.1276891991580555,
   4.1276891991580555,
   4.1276891991580555,
   4.1706818356021484,
   4.1706818356021484,
   4.1706818356021484,
   4.1706818356021484,
   1.838245736302177,
   1.838245736302177,
   1.838245736302177,
   1.838245736302177,
   1.838245736302177,
   1.838245736302177,
   1.838245736302177,
   1.838245736302177,
   1.838245736302177,
   1.838245736302177,
   1.838245736302177,
   1.838245736302177,
   2.218633890542807,
   2.218633890542807,
   2.218633890542807,
   2.218633890542807,
   2.2718863272015177,
   2.2718863272015177,
   2.2718863272015177,
   2.2718863272015177,
   2.2718863272015177,
   2.3054328617355435,
   2.3054328617355435,
   2.3054328617355435,
   2.3054328617355435,
   2.3592337886598598,
   2.3592337886598598,
   2.3592337886598598,
   2.3592337886598598,
   3.5114594654950713,
   3.5114594654950713,
   3.5114594654950713,
   3.5114594654950713,
   3.5668407571311587,
   3.5668407571311587,
   3.5668407571311587,
   3.5668407571311587,
   1.838245736302177,
   1.838245736302177,
   1.838245736302177,
   1.838245736302177,
   1.838245736302177,
   1.838245736302177,
   1.838245736302177,
   1.838245736302177,
   1.838245736302177,
   1.838245736302177,
   1.838245736302177,
   1.838245736302177,
   2.2240675053016976,
   2.2240675053016976,
   2.2240675053016976,
   2.2240675053016976,
   2.274373663309808,
   2.274373663309808,
   2.274373663309808,
   2.274373663309808,
   2.305959354422935,
   2.305959354422935,
   2.305959354422935,
   2.305959354422935,
   2.3683369440370763,
   2.3683369440370763,
   2.3683369440370763,
   2.3683369440370763,
   3.5241424980814497,
   3.5241424980814497,
   3.5241424980814497,
   3.5241424980814497,
   3.557425892632443,
   3.557425892632443,
   3.557425892632443,
   3.557425892632443,
   3.6171677514026217,
   3.6171677514026217,
   3.6171677514026217,
   3.6171677514026217,
   4.128357658526142,
   4.128357658526142,
   4.128357658526142,
   4.128357658526142,
   4.173081840229703,
   4.173081840229703,
   4.173081840229703,
   4.173081840229703,
   4.253969034797468,
   4.253969034797468,
   4.253969034797468,
   4.253969034797468,
   4.327604542583368,
   4.327604542583368,
   4.327604542583368,
   4.327604542583368,
   4.361466724116808,
   4.361466724116808,
   4.361466724116808,
   4.361466724116808
  ],
  "O35": 2.749357900996828,
  "O46": 2.7099767292474763,
  "date": "2023-02-27T12:13:56.308665",
  "mode": 0,
  "streamId": 42
 }
}
