{
 "/home/jherbots/Documents/projects/cross_layer_godash_paper/vegvisir/logs/cross_layer_paper/2023-02-27T_11-49-02/godashcl-bba2cl-double-ed-4s__tc-netem-cl-paper__quic-go/client/files/4sec_isoff-live_ElephantsDream_4s37.m4s.json": {
  "O23": 5.0,
  "O34": [
   1.838245736302177,
   1.838245736302177,
   1.838245736302177,
   1.838245736302177,
   1.838245736302177,
   1.838245736302177,
   1.838245736302177,
   1.838245736302177,
   1.838245736302177,
   1.838245736302177,
   1.838245736302177,
   1.838245736302177,
   1.838245736302177,
   1.838245736302177,
   1.838245736302177,
   2.2311833107130767,
   2.2311833107130767,
   2.2311833107130767,
   2.2311833107130767,
   2.2311833107130767,
   2.2574376113534416,
   2.2574376113534416,
   2.2574376113534416,
   2.2574376113534416,
   2.2858459439054313,
   2.2858459439054313,
   2.2858459439054313,
   2.2858459439054313,
   2.3668630079031354,
   2.3668630079031354,
   2.3668630079031354,
   2.3668630079031354,
   2.4244869507694373,
   2.4244869507694373,
   2.4244869507694373,
   2.4244869507694373,
   3.5593646207172256,
   3.5593646207172256,
   3.5593646207172256,
   3.6179359006776792,
   3.6179359006776792,
   3.6179359006776792,
   3.6179359006776792,
   4.594044376794981,
   4.594044376794981,
   4.594044376794981,
   4.594044376794981,
   1.838245736302177,
   1.838245736302177,
   1.838245736302177,
   1.838245736302177,
   1.838245736302177,
   1.838245736302177,
   1.838245736302177,
   1.838245736302177,
   1.838245736302177,
   1.838245736302177,
   1.838245736302177,
   1.838245736302177,
   2.2347201190140407,
   2.2347201190140407,
   2.2347201190140407,
   2.2347201190140407,
   2.268029182416004,
   2.268029182416004,
   2.268029182416004,
   2.268029182416004,
   2.3014147905257136,
   2.3014147905257136,
   2.3014147905257136,
   2.3014147905257136,
   2.3221390526147356,
   2.3221390526147356,
   2.3221390526147356,
   2.3221390526147356,
   2.3533072428290573,
   2.3533072428290573,
   2.3533072428290573,
   2.3533072428290573,
   2.3533072428290573,
   3.5700093358353215,
   3.5700093358353215,
   3.5700093358353215,
   3.5700093358353215,
   3.6193088517116894,
   3.6193088517116894,
   3.6193088517116894,
   3.6193088517116894,
   1.838245736302177,
   1.838245736302177,
   1.838245736302177,
   1.838245736302177,
   1.838245736302177,
   1.838245736302177,
   1.838245736302177,
   1.838245736302177,
   1.838245736302177,
   1.838245736302177,
   1.838245736302177,
   1.838245736302177,
   2.205897895303269,
   2.205897895303269,
   2.205897895303269,
   2.205897895303269,
   2.250525390494575,
   2.250525390494575,
   2.250525390494575,
   2.250525390494575,
   2.296077414484742,
   2.296077414484742,
   2.296077414484742,
   2.296077414484742,
   2.371138397234713,
   2.371138397234713,
   2.371138397234713,
   2.371138397234713,
   2.4346907612380493,
   2.4346907612380493,
   2.4346907612380493,
   2.4346907612380493,
   3.5638447310767045,
   3.5638447310767045,
   3.5638447310767045,
   3.5638447310767045,
   3.619598929608086,
   3.619598929608086,
   3.619598929608086,
   3.619598929608086,
   4.5982767783982,
   4.5982767783982,
   4.5982767783982,
   4.5982767783982,
   4.675989630779703,
   4.675989630779703,
   4.675989630779703,
   4.675989630779703,
   4.706822617229051,
   4.706822617229051,
   4.706822617229051,
   4.706822617229051,
   4.806317726757587,
   4.806317726757587,
   4.806317726757587,
   4.806317726757587,
   5.0,
   5.0,
   5.0,
   5.0
  ],
  "O35": 2.6466443218083593,
  "O46": 2.6332301387588446,
  "date": "2023-02-27T12:31:09.220003",
  "mode": 0,
  "streamId": 42
 }
}
