{
 "/home/jherbots/Documents/projects/cross_layer_godash_paper/vegvisir/logs/cross_layer_paper/2023-02-27T_11-49-02/godashcl-bba2-ofm-4s__tc-netem-cl-paper__quic-go/client/files/4sec_isoff-live_OfForestAndMen_4s34.m4s.json": {
  "O23": 4.1219513851368745,
  "O34": [
   1.838245736302177,
   1.838245736302177,
   1.838245736302177,
   1.838245736302177,
   1.838245736302177,
   1.838245736302177,
   1.838245736302177,
   1.838245736302177,
   1.838245736302177,
   1.838245736302177,
   1.838245736302177,
   1.838245736302177,
   1.838245736302177,
   1.838245736302177,
   1.838245736302177,
   2.2293528414283084,
   2.2293528414283084,
   2.2293528414283084,
   2.2293528414283084,
   2.2750189190814765,
   2.2750189190814765,
   2.2750189190814765,
   2.2750189190814765,
   2.3105999235965946,
   2.3105999235965946,
   2.3105999235965946,
   2.3105999235965946,
   2.368735194856055,
   2.368735194856055,
   2.368735194856055,
   2.368735194856055,
   3.518793157486387,
   3.518793157486387,
   3.518793157486387,
   3.518793157486387,
   3.5586697889286816,
   3.5586697889286816,
   3.5586697889286816,
   3.5586697889286816,
   3.6170702494130116,
   3.6170702494130116,
   3.6170702494130116,
   3.6170702494130116,
   4.1276891991580555,
   4.1276891991580555,
   4.1276891991580555,
   4.1276891991580555,
   4.1706818356021484,
   4.1706818356021484,
   4.1706818356021484,
   4.1706818356021484,
   4.137021100163791,
   4.137021100163791,
   4.137021100163791,
   4.137021100163791,
   3.5973947102832864,
   3.5973947102832864,
   3.5973947102832864,
   3.5973947102832864,
   3.5632210856488697,
   3.5632210856488697,
   3.5632210856488697,
   3.5632210856488697,
   3.504433157286005,
   3.504433157286005,
   3.504433157286005,
   3.504433157286005,
   2.3686342847656343,
   2.3686342847656343,
   2.3686342847656343,
   2.3686342847656343,
   2.3686342847656343,
   2.3054328617355435,
   2.3054328617355435,
   2.3054328617355435,
   2.3054328617355435,
   2.2670027050529415,
   2.2670027050529415,
   2.2670027050529415,
   2.2670027050529415,
   2.222852277192781,
   2.222852277192781,
   2.222852277192781,
   2.222852277192781,
   1.838245736302177,
   1.838245736302177,
   1.838245736302177,
   1.838245736302177,
   2.224956597646522,
   2.224956597646522,
   2.224956597646522,
   2.224956597646522,
   2.273918445422105,
   2.273918445422105,
   2.273918445422105,
   2.273918445422105,
   2.311137607364891,
   2.311137607364891,
   2.311137607364891,
   2.311137607364891,
   2.3589908446725585,
   2.3589908446725585,
   2.3589908446725585,
   2.3589908446725585,
   3.5221738233072877,
   3.5221738233072877,
   3.5221738233072877,
   3.5221738233072877,
   3.566683656304087,
   3.566683656304087,
   3.566683656304087,
   3.566683656304087,
   3.6125543425440325,
   3.6125543425440325,
   3.6125543425440325,
   3.6125543425440325,
   4.131201338600769,
   4.131201338600769,
   4.131201338600769,
   4.131201338600769,
   4.175181719185876,
   4.175181719185876,
   4.175181719185876,
   4.175181719185876,
   4.252209352510956,
   4.252209352510956,
   4.252209352510956,
   4.252209352510956,
   4.322267030870968,
   4.322267030870968,
   4.322267030870968,
   4.322267030870968,
   4.354527575362569,
   4.354527575362569,
   4.354527575362569,
   4.354527575362569
  ],
  "O35": 2.92527262610323,
  "O46": 2.5456575397864136,
  "date": "2023-02-27T12:17:45.245828",
  "mode": 0,
  "streamId": 42
 }
}
