{
 "/home/jherbots/Documents/projects/cross_layer_godash_paper/vegvisir/logs/cross_layer_paper/2023-02-27T_11-49-02/godashcl-bba2-bbb-2s__tc-netem-cl-paper__quic-go/client/files/2sec_isoff-live_BigBuckBunny_2s64.m4s.json": {
  "O23": 4.132999401360896,
  "O34": [
   1.838245736302177,
   1.838245736302177,
   1.838245736302177,
   1.838245736302177,
   1.838245736302177,
   1.838245736302177,
   1.838245736302177,
   1.838245736302177,
   1.838245736302177,
   2.2313392259302494,
   2.2313392259302494,
   2.2595636503180914,
   2.2595636503180914,
   2.30457693745338,
   2.30457693745338,
   2.30457693745338,
   2.30457693745338,
   2.278219664397738,
   2.278219664397738,
   2.278219664397738,
   3.5017651057826997,
   3.5017651057826997,
   3.4810166730499734,
   3.4810166730499734,
   4.579280738324745,
   4.579280738324745,
   4.662400391093045,
   4.662400391093045,
   4.711478996913003,
   4.711478996913003,
   4.813867311483325,
   4.813867311483325,
   4.786285310361173,
   4.786285310361173,
   4.697869631617289,
   4.697869631617289,
   4.6527711281152335,
   4.6527711281152335,
   4.5826511729825565,
   3.611089875978455,
   3.611089875978455,
   3.5689011005467832,
   3.5689011005467832,
   2.409168451254521,
   2.409168451254521,
   2.3648034606377344,
   2.3648034606377344,
   2.3002352025213115,
   2.3002352025213115,
   2.263795997054493,
   2.263795997054493,
   2.2073526298691206,
   2.2073526298691206,
   1.838245736302177,
   1.838245736302177,
   1.838245736302177,
   1.838245736302177,
   1.838245736302177,
   1.838245736302177,
   1.838245736302177,
   1.838245736302177,
   1.838245736302177,
   1.838245736302177,
   1.838245736302177,
   1.838245736302177,
   1.838245736302177,
   1.838245736302177,
   1.838245736302177,
   1.838245736302177,
   1.838245736302177,
   1.838245736302177,
   1.838245736302177,
   1.838245736302177,
   1.838245736302177,
   1.838245736302177,
   1.838245736302177,
   1.838245736302177,
   1.838245736302177,
   1.838245736302177,
   1.838245736302177,
   1.838245736302177,
   1.838245736302177,
   1.838245736302177,
   1.838245736302177,
   1.838245736302177,
   1.838245736302177,
   2.2237968837733044,
   2.2237968837733044,
   2.213810329149745,
   2.213810329149745,
   2.243045967801256,
   2.243045967801256,
   2.2360092440638613,
   2.2360092440638613,
   2.2954068037375444,
   2.2954068037375444,
   3.547747726008643,
   3.547747726008643,
   3.461418141387503,
   3.461418141387503,
   4.5350683987366835,
   4.5350683987366835,
   4.627709326413656,
   4.627709326413656,
   4.63781393024246,
   4.63781393024246,
   4.6372766085900565,
   4.6372766085900565,
   4.621030159687244,
   4.621030159687244,
   4.616018521731807,
   4.616018521731807,
   4.776271301467494,
   4.776271301467494,
   4.765989194167544,
   4.765989194167544,
   4.787758505339668,
   4.787758505339668,
   4.799909705742794,
   4.799909705742794,
   4.765528716208673,
   4.765528716208673,
   4.774658703654056,
   4.774658703654056,
   4.682605465595608,
   4.682605465595608,
   5.0,
   5.0
  ],
  "O35": 2.752580196251487,
  "O46": 2.508552684104625,
  "date": "2023-02-27T11:54:49.742049",
  "mode": 0,
  "streamId": 42
 }
}
