{
 "/home/jherbots/Documents/projects/cross_layer_godash_paper/vegvisir/logs/cross_layer_paper/2023-02-27T_11-49-02/godashcl-bba2cl-double-ofm-6s__tc-netem-cl-paper__quic-go/client/files/6sec_isoff-live_OfForestAndMen_6s27.m4s.json": {
  "O23": 5.0,
  "O34": [
   1.838245736302177,
   1.838245736302177,
   1.838245736302177,
   1.838245736302177,
   1.838245736302177,
   1.838245736302177,
   1.838245736302177,
   1.838245736302177,
   1.838245736302177,
   1.838245736302177,
   1.838245736302177,
   1.838245736302177,
   1.838245736302177,
   1.838245736302177,
   1.838245736302177,
   1.838245736302177,
   1.838245736302177,
   1.838245736302177,
   1.838245736302177,
   1.838245736302177,
   1.838245736302177,
   1.838245736302177,
   1.838245736302177,
   2.2313153905653684,
   2.2313153905653684,
   2.2313153905653684,
   2.2313153905653684,
   2.2313153905653684,
   2.2313153905653684,
   2.272756120650414,
   2.272756120650414,
   2.272756120650414,
   2.272756120650414,
   2.272756120650414,
   2.272756120650414,
   2.3065895924600657,
   2.3065895924600657,
   2.3065895924600657,
   2.3065895924600657,
   2.3065895924600657,
   2.3065895924600657,
   2.368589423874458,
   2.368589423874458,
   2.368589423874458,
   2.368589423874458,
   2.368589423874458,
   2.368589423874458,
   3.5124630326174193,
   3.5124630326174193,
   3.5124630326174193,
   3.5124630326174193,
   3.5124630326174193,
   3.5124630326174193,
   3.561581907360591,
   3.561581907360591,
   3.561581907360591,
   3.561581907360591,
   3.561581907360591,
   3.561581907360591,
   3.6054299490933657,
   3.6054299490933657,
   3.6054299490933657,
   3.6054299490933657,
   3.6054299490933657,
   3.6054299490933657,
   4.134624236851146,
   4.134624236851146,
   4.134624236851146,
   4.134624236851146,
   4.134624236851146,
   4.134624236851146,
   4.134624236851146,
   4.184650794780749,
   4.184650794780749,
   4.184650794780749,
   4.184650794780749,
   4.184650794780749,
   4.184650794780749,
   1.838245736302177,
   1.838245736302177,
   1.838245736302177,
   1.838245736302177,
   1.838245736302177,
   1.838245736302177,
   1.838245736302177,
   1.838245736302177,
   1.838245736302177,
   1.838245736302177,
   1.838245736302177,
   1.838245736302177,
   1.838245736302177,
   1.838245736302177,
   1.838245736302177,
   1.838245736302177,
   1.838245736302177,
   1.838245736302177,
   1.838245736302177,
   1.838245736302177,
   1.838245736302177,
   1.838245736302177,
   1.838245736302177,
   1.838245736302177,
   2.2320403421891912,
   2.2320403421891912,
   2.2320403421891912,
   2.2320403421891912,
   2.2320403421891912,
   2.2320403421891912,
   2.274788121155755,
   2.274788121155755,
   2.274788121155755,
   2.274788121155755,
   2.274788121155755,
   2.274788121155755,
   2.309271200048371,
   2.309271200048371,
   2.309271200048371,
   2.309271200048371,
   2.309271200048371,
   2.309271200048371,
   2.3701000381752904,
   2.3701000381752904,
   2.3701000381752904,
   2.3701000381752904,
   2.3701000381752904,
   2.3701000381752904,
   3.5180477784540294,
   3.5180477784540294,
   3.5180477784540294,
   3.5180477784540294,
   3.5180477784540294,
   3.5180477784540294,
   3.5551827064761112,
   3.5551827064761112,
   3.5551827064761112,
   3.5551827064761112,
   3.5551827064761112,
   3.5551827064761112,
   3.624771939889313,
   3.624771939889313,
   3.624771939889313,
   3.624771939889313,
   3.624771939889313,
   3.624771939889313,
   4.1243041495375605,
   4.1243041495375605,
   4.1243041495375605,
   4.1243041495375605,
   4.1243041495375605,
   4.1243041495375605,
   4.190321599487211,
   4.190321599487211,
   4.190321599487211,
   4.190321599487211,
   4.190321599487211,
   4.190321599487211,
   4.251920589747708,
   4.251920589747708,
   4.251920589747708,
   4.251920589747708,
   4.251920589747708,
   4.251920589747708
  ],
  "O35": 2.743005726679694,
  "O46": 2.6974282749433494,
  "date": "2023-02-27T12:19:39.864893",
  "mode": 0,
  "streamId": 42
 }
}
