{
 "/home/jherbots/Documents/projects/cross_layer_godash_paper/vegvisir/logs/cross_layer_paper/2023-02-27T_11-49-02/godashcl-bba2cl-bbb-6s__tc-netem-cl-paper__quic-go/client/files/6sec_isoff-live_BigBuckBunny_6s28.m4s.json": {
  "O23": 5.0,
  "O34": [
   1.838245736302177,
   1.838245736302177,
   1.838245736302177,
   1.838245736302177,
   1.838245736302177,
   1.838245736302177,
   1.838245736302177,
   1.838245736302177,
   1.838245736302177,
   1.838245736302177,
   1.838245736302177,
   1.838245736302177,
   1.838245736302177,
   1.838245736302177,
   1.838245736302177,
   1.838245736302177,
   1.838245736302177,
   1.838245736302177,
   1.838245736302177,
   1.838245736302177,
   1.838245736302177,
   1.838245736302177,
   1.838245736302177,
   1.838245736302177,
   2.2198288116970875,
   2.2198288116970875,
   2.2198288116970875,
   2.2198288116970875,
   2.2198288116970875,
   2.2198288116970875,
   2.2596408860564487,
   2.2596408860564487,
   2.2596408860564487,
   2.2596408860564487,
   2.2596408860564487,
   2.2596408860564487,
   2.3124399179126787,
   2.3124399179126787,
   2.3124399179126787,
   2.3124399179126787,
   2.3124399179126787,
   2.3627225419806406,
   2.3627225419806406,
   2.3627225419806406,
   2.3627225419806406,
   2.3627225419806406,
   2.3627225419806406,
   2.4139171649325815,
   2.4139171649325815,
   2.4139171649325815,
   2.4139171649325815,
   2.4139171649325815,
   2.4139171649325815,
   3.4696220052635485,
   3.4696220052635485,
   3.4696220052635485,
   3.4696220052635485,
   3.4696220052635485,
   3.4696220052635485,
   3.5203314576566025,
   3.5203314576566025,
   3.5203314576566025,
   3.5203314576566025,
   3.5203314576566025,
   3.5203314576566025,
   4.568426973325665,
   4.568426973325665,
   4.568426973325665,
   4.568426973325665,
   4.568426973325665,
   4.568426973325665,
   4.626881564760339,
   4.626881564760339,
   4.626881564760339,
   4.626881564760339,
   4.626881564760339,
   4.626881564760339,
   4.626881564760339,
   1.838245736302177,
   1.838245736302177,
   1.838245736302177,
   1.838245736302177,
   1.838245736302177,
   1.838245736302177,
   1.838245736302177,
   1.838245736302177,
   1.838245736302177,
   1.838245736302177,
   1.838245736302177,
   1.838245736302177,
   1.838245736302177,
   1.838245736302177,
   1.838245736302177,
   1.838245736302177,
   1.838245736302177,
   1.838245736302177,
   1.838245736302177,
   1.838245736302177,
   1.838245736302177,
   1.838245736302177,
   1.838245736302177,
   1.838245736302177,
   2.201268881004594,
   2.201268881004594,
   2.201268881004594,
   2.201268881004594,
   2.201268881004594,
   2.201268881004594,
   2.2553448930449713,
   2.2553448930449713,
   2.2553448930449713,
   2.2553448930449713,
   2.2553448930449713,
   2.2553448930449713,
   2.2930405119821846,
   2.2930405119821846,
   2.2930405119821846,
   2.2930405119821846,
   2.2930405119821846,
   2.2930405119821846,
   2.3440969060737222,
   2.3440969060737222,
   2.3440969060737222,
   2.3440969060737222,
   2.3440969060737222,
   2.3440969060737222,
   2.3540959460091457,
   2.3540959460091457,
   2.3540959460091457,
   2.3540959460091457,
   2.3540959460091457,
   2.3540959460091457,
   3.573427031823681,
   3.573427031823681,
   3.573427031823681,
   3.573427031823681,
   3.573427031823681,
   3.573427031823681,
   3.6164536044537217,
   3.6164536044537217,
   3.6164536044537217,
   3.6164536044537217,
   3.6164536044537217,
   3.6164536044537217,
   4.54551019046285,
   4.54551019046285,
   4.54551019046285,
   4.54551019046285,
   4.54551019046285,
   4.54551019046285,
   4.639392491317405,
   4.639392491317405,
   4.639392491317405,
   4.639392491317405,
   4.639392491317405,
   4.579323038607866,
   4.579323038607866,
   4.579323038607866,
   4.579323038607866,
   4.579323038607866,
   4.579323038607866,
   4.679858721277997,
   4.679858721277997,
   4.679858721277997,
   4.679858721277997,
   4.679858721277997,
   4.679858721277997,
   4.679858721277997
  ],
  "O35": 2.7079741640351984,
  "O46": 2.7171104519975464,
  "date": "2023-02-27T12:04:23.256864",
  "mode": 0,
  "streamId": 42
 }
}
