{
 "/home/jherbots/Documents/projects/cross_layer_godash_paper/vegvisir/logs/cross_layer_paper/2023-02-27T_11-49-02/godashcl-bba2-bbb-4s__tc-netem-cl-paper__quic-go/client/files/4sec_isoff-live_BigBuckBunny_4s33.m4s.json": {
  "O23": 4.51124867548908,
  "O34": [
   1.838245736302177,
   1.838245736302177,
   1.838245736302177,
   1.838245736302177,
   1.838245736302177,
   1.838245736302177,
   1.838245736302177,
   1.838245736302177,
   1.838245736302177,
   1.838245736302177,
   1.838245736302177,
   1.838245736302177,
   1.838245736302177,
   1.838245736302177,
   1.838245736302177,
   2.2070800153488874,
   2.2070800153488874,
   2.2070800153488874,
   2.2070800153488874,
   2.2070800153488874,
   2.2084609445620886,
   2.2084609445620886,
   2.2084609445620886,
   2.2084609445620886,
   2.303491805894943,
   2.303491805894943,
   2.303491805894943,
   2.303491805894943,
   2.364601840811581,
   2.364601840811581,
   2.364601840811581,
   2.364601840811581,
   2.399109622655914,
   2.399109622655914,
   2.399109622655914,
   2.399109622655914,
   3.571506883646574,
   3.571506883646574,
   3.571506883646574,
   3.6154701606181785,
   3.6154701606181785,
   3.6154701606181785,
   3.6154701606181785,
   4.595915255047583,
   4.595915255047583,
   4.595915255047583,
   4.595915255047583,
   4.6610146229246165,
   4.6610146229246165,
   4.6610146229246165,
   4.6610146229246165,
   4.590408640595231,
   4.590408640595231,
   4.590408640595231,
   4.590408640595231,
   3.42701395706634,
   3.42701395706634,
   3.42701395706634,
   3.42701395706634,
   3.484277018778105,
   3.484277018778105,
   3.484277018778105,
   3.484277018778105,
   3.525238525223733,
   3.525238525223733,
   3.525238525223733,
   3.525238525223733,
   3.52898555126005,
   3.52898555126005,
   3.52898555126005,
   3.52898555126005,
   3.5187616049495203,
   3.5187616049495203,
   3.5187616049495203,
   3.5187616049495203,
   2.4154836611820363,
   2.4154836611820363,
   2.4154836611820363,
   2.4154836611820363,
   2.4154836611820363,
   2.365212006579991,
   2.365212006579991,
   2.365212006579991,
   2.365212006579991,
   2.2429813715612674,
   2.2429813715612674,
   2.2429813715612674,
   2.2429813715612674,
   2.2220854914784938,
   2.2220854914784938,
   2.2220854914784938,
   2.2220854914784938,
   2.2216578789428016,
   2.2216578789428016,
   2.2216578789428016,
   2.2216578789428016,
   2.242325033762206,
   2.242325033762206,
   2.242325033762206,
   2.242325033762206,
   2.303570502278053,
   2.303570502278053,
   2.303570502278053,
   2.303570502278053,
   3.5352679377416445,
   3.5352679377416445,
   3.5352679377416445,
   3.5352679377416445,
   3.508351721537349,
   3.508351721537349,
   3.508351721537349,
   3.508351721537349,
   4.574003505807374,
   4.574003505807374,
   4.574003505807374,
   4.574003505807374,
   4.656493016173675,
   4.656493016173675,
   4.656493016173675,
   4.656493016173675,
   4.712535996450847,
   4.712535996450847,
   4.712535996450847,
   4.712535996450847,
   4.696806821808947,
   4.696806821808947,
   4.696806821808947,
   4.696806821808947,
   5.0,
   5.0,
   5.0,
   5.0
  ],
  "O35": 2.933877929220173,
  "O46": 2.722371158314823,
  "date": "2023-02-27T12:00:33.129416",
  "mode": 0,
  "streamId": 42
 }
}
