{
 "/home/jherbots/Documents/projects/cross_layer_godash_paper/vegvisir/logs/cross_layer_paper/2023-02-27T_11-49-02/godashcl-bba2-ed-2s__tc-netem-cl-paper__quic-go/client/files/2sec_isoff-live_ElephantsDream_2s51.m4s.json": {
  "O23": 2.466161378010237,
  "O34": [
   1.838245736302177,
   1.838245736302177,
   1.838245736302177,
   1.838245736302177,
   1.838245736302177,
   1.838245736302177,
   1.838245736302177,
   1.838245736302177,
   1.838245736302177,
   1.838245736302177,
   1.838245736302177,
   2.2234941593140576,
   2.2234941593140576,
   2.2723400391560813,
   2.2723400391560813,
   2.3088505212834285,
   2.3088505212834285,
   2.333267663210206,
   2.333267663210206,
   2.333267663210206,
   2.300575936411287,
   2.300575936411287,
   3.505718993988608,
   3.505718993988608,
   3.597895250732595,
   3.597895250732595,
   4.536281495109812,
   4.536281495109812,
   4.681090094330734,
   4.681090094330734,
   4.694674102716368,
   4.694674102716368,
   4.81855732070978,
   4.81855732070978,
   4.77581577286131,
   4.77581577286131,
   4.731236705030683,
   4.731236705030683,
   4.654623662980217,
   4.585679345583745,
   4.585679345583745,
   3.6141237400311637,
   3.6141237400311637,
   3.5732902822613024,
   3.5732902822613024,
   2.4157496877923252,
   2.4157496877923252,
   2.3749547647204796,
   2.3749547647204796,
   2.30207797091676,
   2.30207797091676,
   2.2696937874212484,
   2.2696937874212484,
   2.224772554936391,
   2.224772554936391,
   1.838245736302177,
   1.838245736302177,
   1.838245736302177,
   1.838245736302177,
   1.838245736302177,
   1.838245736302177,
   1.838245736302177,
   1.838245736302177,
   2.2096491390783,
   2.2096491390783,
   2.2669537602925263,
   2.2669537602925263,
   2.3042918580296012,
   2.3042918580296012,
   2.3559569162895384,
   2.3559569162895384,
   2.331847045342872,
   2.331847045342872,
   3.564075504040995,
   3.564075504040995,
   3.615362139906683,
   3.615362139906683,
   3.615362139906683,
   4.59334207903225,
   4.59334207903225,
   4.637261871864609,
   4.637261871864609,
   4.728783459204702,
   4.728783459204702,
   4.8060044942643705,
   4.8060044942643705,
   4.7935158445077946,
   4.7935158445077946,
   4.767391670679916,
   4.767391670679916,
   4.796093338959676,
   4.796093338959676,
   4.806341700675999,
   4.806341700675999,
   4.7807887214747495,
   4.7807887214747495,
   4.802140097765541,
   4.802140097765541,
   4.825589623103404,
   4.825589623103404,
   4.762655373619397,
   4.762655373619397
  ],
  "O35": 2.981285974156531,
  "O46": 2.1260751821328125,
  "date": "2023-02-27T12:29:14.443257",
  "mode": 0,
  "streamId": 42
 }
}
