{
 "/home/jherbots/Documents/projects/cross_layer_godash_paper/vegvisir/logs/cross_layer_paper/2023-02-27T_11-49-02/godashcl-bba2cl-ofm-6s__tc-netem-cl-paper__quic-go/client/files/6sec_isoff-live_OfForestAndMen_6s28.m4s.json": {
  "O23": 5.0,
  "O34": [
   1.838245736302177,
   1.838245736302177,
   1.838245736302177,
   1.838245736302177,
   1.838245736302177,
   1.838245736302177,
   1.838245736302177,
   1.838245736302177,
   1.838245736302177,
   1.838245736302177,
   1.838245736302177,
   1.838245736302177,
   1.838245736302177,
   1.838245736302177,
   1.838245736302177,
   1.838245736302177,
   1.838245736302177,
   1.838245736302177,
   1.838245736302177,
   1.838245736302177,
   1.838245736302177,
   1.838245736302177,
   1.838245736302177,
   2.2313153905653684,
   2.2313153905653684,
   2.2313153905653684,
   2.2313153905653684,
   2.2313153905653684,
   2.2313153905653684,
   2.272756120650414,
   2.272756120650414,
   2.272756120650414,
   2.272756120650414,
   2.272756120650414,
   2.272756120650414,
   2.3065895924600657,
   2.3065895924600657,
   2.3065895924600657,
   2.3065895924600657,
   2.3065895924600657,
   2.3065895924600657,
   2.368589423874458,
   2.368589423874458,
   2.368589423874458,
   2.368589423874458,
   2.368589423874458,
   2.368589423874458,
   3.5124630326174193,
   3.5124630326174193,
   3.5124630326174193,
   3.5124630326174193,
   3.5124630326174193,
   3.5124630326174193,
   3.561581907360591,
   3.561581907360591,
   3.561581907360591,
   3.561581907360591,
   3.561581907360591,
   3.561581907360591,
   3.6054299490933657,
   3.6054299490933657,
   3.6054299490933657,
   3.6054299490933657,
   3.6054299490933657,
   3.6054299490933657,
   4.134624236851146,
   4.134624236851146,
   4.134624236851146,
   4.134624236851146,
   4.134624236851146,
   4.134624236851146,
   4.134624236851146,
   4.184650794780749,
   4.184650794780749,
   4.184650794780749,
   4.184650794780749,
   4.184650794780749,
   4.184650794780749,
   1.838245736302177,
   1.838245736302177,
   1.838245736302177,
   1.838245736302177,
   1.838245736302177,
   1.838245736302177,
   1.838245736302177,
   1.838245736302177,
   1.838245736302177,
   1.838245736302177,
   1.838245736302177,
   1.838245736302177,
   1.838245736302177,
   1.838245736302177,
   1.838245736302177,
   1.838245736302177,
   1.838245736302177,
   1.838245736302177,
   1.838245736302177,
   1.838245736302177,
   1.838245736302177,
   1.838245736302177,
   1.838245736302177,
   1.838245736302177,
   1.838245736302177,
   1.838245736302177,
   1.838245736302177,
   1.838245736302177,
   1.838245736302177,
   1.838245736302177,
   2.2313347567566124,
   2.2313347567566124,
   2.2313347567566124,
   2.2313347567566124,
   2.2313347567566124,
   2.2313347567566124,
   2.2746527120737796,
   2.2746527120737796,
   2.2746527120737796,
   2.2746527120737796,
   2.2746527120737796,
   2.2746527120737796,
   2.308847494689223,
   2.308847494689223,
   2.308847494689223,
   2.308847494689223,
   2.308847494689223,
   2.308847494689223,
   2.3695970179749235,
   2.3695970179749235,
   2.3695970179749235,
   2.3695970179749235,
   2.3695970179749235,
   2.3695970179749235,
   3.505596038979677,
   3.505596038979677,
   3.505596038979677,
   3.505596038979677,
   3.505596038979677,
   3.505596038979677,
   3.58075044703685,
   3.58075044703685,
   3.58075044703685,
   3.58075044703685,
   3.58075044703685,
   3.58075044703685,
   3.6083340939652246,
   3.6083340939652246,
   3.6083340939652246,
   3.6083340939652246,
   3.6083340939652246,
   3.6083340939652246,
   4.134701135151704,
   4.134701135151704,
   4.134701135151704,
   4.134701135151704,
   4.134701135151704,
   4.134701135151704,
   4.177483897348686,
   4.177483897348686,
   4.177483897348686,
   4.177483897348686,
   4.177483897348686,
   4.177483897348686,
   4.24849549552997,
   4.24849549552997,
   4.24849549552997,
   4.24849549552997,
   4.24849549552997,
   4.24849549552997
  ],
  "O35": 2.708257884643232,
  "O46": 2.6775279615310823,
  "date": "2023-02-27T12:21:34.313700",
  "mode": 0,
  "streamId": 42
 }
}
