{
 "/home/jherbots/Documents/projects/cross_layer_godash_paper/vegvisir/logs/cross_layer_paper/2023-02-27T_11-49-02/godashcl-bba2-ofm-6s__tc-netem-cl-paper__quic-go/client/files/6sec_isoff-live_OfForestAndMen_6s24.m4s.json": {
  "O23": 4.55166652841766,
  "O34": [
   1.838245736302177,
   1.838245736302177,
   1.838245736302177,
   1.838245736302177,
   1.838245736302177,
   1.838245736302177,
   1.838245736302177,
   1.838245736302177,
   1.838245736302177,
   1.838245736302177,
   1.838245736302177,
   1.838245736302177,
   1.838245736302177,
   1.838245736302177,
   1.838245736302177,
   1.838245736302177,
   1.838245736302177,
   1.838245736302177,
   1.838245736302177,
   1.838245736302177,
   1.838245736302177,
   1.838245736302177,
   1.838245736302177,
   2.2313153905653684,
   2.2313153905653684,
   2.2313153905653684,
   2.2313153905653684,
   2.2313153905653684,
   2.2313153905653684,
   2.272756120650414,
   2.272756120650414,
   2.272756120650414,
   2.272756120650414,
   2.272756120650414,
   2.272756120650414,
   2.3065895924600657,
   2.3065895924600657,
   2.3065895924600657,
   2.3065895924600657,
   2.3065895924600657,
   2.3065895924600657,
   2.368589423874458,
   2.368589423874458,
   2.368589423874458,
   2.368589423874458,
   2.368589423874458,
   2.368589423874458,
   3.5124630326174193,
   3.5124630326174193,
   3.5124630326174193,
   3.5124630326174193,
   3.5124630326174193,
   3.5124630326174193,
   3.561581907360591,
   3.561581907360591,
   3.561581907360591,
   3.561581907360591,
   3.561581907360591,
   3.561581907360591,
   3.6054299490933657,
   3.6054299490933657,
   3.6054299490933657,
   3.6054299490933657,
   3.6054299490933657,
   3.6054299490933657,
   4.134624236851146,
   4.134624236851146,
   4.134624236851146,
   4.134624236851146,
   4.134624236851146,
   4.134624236851146,
   4.134624236851146,
   4.184650794780749,
   4.184650794780749,
   4.184650794780749,
   4.184650794780749,
   4.184650794780749,
   4.184650794780749,
   4.127803993177678,
   4.127803993177678,
   4.127803993177678,
   4.127803993177678,
   4.127803993177678,
   4.127803993177678,
   3.6103371337380206,
   3.6103371337380206,
   3.6103371337380206,
   3.6103371337380206,
   3.6103371337380206,
   3.6103371337380206,
   3.573390083920081,
   3.573390083920081,
   3.573390083920081,
   3.573390083920081,
   3.573390083920081,
   3.573390083920081,
   3.524165061668963,
   3.524165061668963,
   3.524165061668963,
   3.524165061668963,
   3.524165061668963,
   3.524165061668963,
   2.3679493544489456,
   2.3679493544489456,
   2.3679493544489456,
   2.3679493544489456,
   2.3679493544489456,
   2.3679493544489456,
   3.523421237376347,
   3.523421237376347,
   3.523421237376347,
   3.523421237376347,
   3.523421237376347,
   3.523421237376347,
   3.5746414139816687,
   3.5746414139816687,
   3.5746414139816687,
   3.5746414139816687,
   3.5746414139816687,
   3.5746414139816687,
   3.6149900493711185,
   3.6149900493711185,
   3.6149900493711185,
   3.6149900493711185,
   3.6149900493711185,
   3.6149900493711185,
   4.127498870967423,
   4.127498870967423,
   4.127498870967423,
   4.127498870967423,
   4.127498870967423,
   4.127498870967423,
   4.174103712404908,
   4.174103712404908,
   4.174103712404908,
   4.174103712404908,
   4.174103712404908,
   4.174103712404908,
   4.26785422781923,
   4.26785422781923,
   4.26785422781923,
   4.26785422781923,
   4.26785422781923,
   4.26785422781923
  ],
  "O35": 3.1175024205743065,
  "O46": 2.897943330362454,
  "date": "2023-02-27T12:23:28.903804",
  "mode": 0,
  "streamId": 42
 }
}
