{
 "/home/jherbots/Documents/projects/cross_layer_godash_paper/vegvisir/logs/cross_layer_paper/2023-02-27T_11-49-02/godashcl-bba2cl-ed-2s__tc-netem-cl-paper__quic-go/client/files/2sec_isoff-live_ElephantsDream_2s65.m4s.json": {
  "O23": 5.0,
  "O34": [
   1.838245736302177,
   1.838245736302177,
   1.838245736302177,
   1.838245736302177,
   1.838245736302177,
   1.838245736302177,
   1.838245736302177,
   1.838245736302177,
   1.838245736302177,
   1.838245736302177,
   1.838245736302177,
   2.2234941593140576,
   2.2234941593140576,
   2.2723400391560813,
   2.2723400391560813,
   2.3088505212834285,
   2.3088505212834285,
   2.333267663210206,
   2.333267663210206,
   2.333267663210206,
   2.300575936411287,
   2.300575936411287,
   3.505718993988608,
   3.505718993988608,
   3.597895250732595,
   3.597895250732595,
   4.536281495109812,
   4.536281495109812,
   4.681090094330734,
   4.681090094330734,
   4.694674102716368,
   4.694674102716368,
   4.81855732070978,
   4.81855732070978,
   1.838245736302177,
   1.838245736302177,
   1.838245736302177,
   1.838245736302177,
   1.838245736302177,
   1.838245736302177,
   1.838245736302177,
   1.838245736302177,
   1.838245736302177,
   1.838245736302177,
   1.838245736302177,
   1.838245736302177,
   1.838245736302177,
   1.838245736302177,
   1.838245736302177,
   2.2278096593775154,
   2.2278096593775154,
   2.2696937874212484,
   2.2696937874212484,
   2.2912290558366712,
   2.2912290558366712,
   2.3628385642580816,
   2.3628385642580816,
   2.4175611925387535,
   2.4175611925387535,
   3.604292767570122,
   3.604292767570122,
   3.603543208672238,
   3.603543208672238,
   4.58709069003525,
   4.58709069003525,
   4.661716332227864,
   4.661716332227864,
   1.838245736302177,
   1.838245736302177,
   1.838245736302177,
   1.838245736302177,
   1.838245736302177,
   1.838245736302177,
   1.838245736302177,
   1.838245736302177,
   1.838245736302177,
   1.838245736302177,
   1.838245736302177,
   1.838245736302177,
   1.838245736302177,
   1.838245736302177,
   1.838245736302177,
   1.838245736302177,
   1.838245736302177,
   1.838245736302177,
   1.838245736302177,
   1.838245736302177,
   1.838245736302177,
   1.838245736302177,
   1.838245736302177,
   1.838245736302177,
   1.838245736302177,
   2.236551093552619,
   2.236551093552619,
   2.243018286178123,
   2.243018286178123,
   2.306386315360469,
   2.306386315360469,
   2.375055082099788,
   2.375055082099788,
   2.4085964099578314,
   2.4085964099578314,
   3.5643511942740953,
   3.5643511942740953,
   3.5970700460264178,
   3.5970700460264178,
   4.540856160134257,
   4.540856160134257,
   4.666190105196128,
   4.666190105196128,
   4.698840887021276,
   4.698840887021276,
   4.813469380734212,
   4.813469380734212,
   4.78358687820032,
   4.78358687820032,
   4.807967146812508,
   4.807967146812508,
   4.8265164988913,
   4.8265164988913,
   4.779787789801368,
   4.779787789801368,
   4.803282742666394,
   4.803282742666394,
   4.7993612656219025,
   4.7993612656219025,
   4.801963575069717,
   4.801963575069717,
   4.818797874521673,
   4.818797874521673
  ],
  "O35": 2.6436248636453814,
  "O46": 2.691064814955475,
  "date": "2023-02-27T12:27:17.979057",
  "mode": 0,
  "streamId": 42
 }
}
