{
 "/home/jherbots/Documents/projects/cross_layer_godash_paper/vegvisir/logs/cross_layer_paper/2023-02-27T_11-49-02/godashcl-bba2cl-double-bbb-2s__tc-netem-cl-paper__quic-go/client/files/2sec_isoff-live_BigBuckBunny_2s67.m4s.json": {
  "O23": 5.0,
  "O34": [
   1.838245736302177,
   1.838245736302177,
   1.838245736302177,
   1.838245736302177,
   1.838245736302177,
   1.838245736302177,
   1.838245736302177,
   1.838245736302177,
   1.838245736302177,
   1.838245736302177,
   1.838245736302177,
   2.1959485627092845,
   2.1959485627092845,
   2.2703173934861534,
   2.2703173934861534,
   2.273142282516414,
   2.273142282516414,
   2.264510118722893,
   2.264510118722893,
   2.264510118722893,
   2.2998794424977684,
   2.2998794424977684,
   3.4624155922338185,
   3.4624155922338185,
   3.6176013819532105,
   3.6176013819532105,
   4.584531072058395,
   4.584531072058395,
   4.656942247844037,
   4.656942247844037,
   4.735005540011332,
   4.735005540011332,
   4.786285310361173,
   4.786285310361173,
   1.838245736302177,
   1.838245736302177,
   1.838245736302177,
   1.838245736302177,
   1.838245736302177,
   1.838245736302177,
   1.838245736302177,
   1.838245736302177,
   1.838245736302177,
   1.838245736302177,
   1.838245736302177,
   1.838245736302177,
   1.838245736302177,
   1.838245736302177,
   1.838245736302177,
   2.2184601496789575,
   2.2184601496789575,
   2.2463047709451804,
   2.2463047709451804,
   2.3113930118463135,
   2.3113930118463135,
   2.2632736086137646,
   2.2632736086137646,
   2.249630575066154,
   2.249630575066154,
   3.495756831124961,
   3.495756831124961,
   3.54602782750587,
   3.54602782750587,
   4.54822500019101,
   4.54822500019101,
   4.661150583872385,
   4.661150583872385,
   1.838245736302177,
   1.838245736302177,
   1.838245736302177,
   1.838245736302177,
   1.838245736302177,
   1.838245736302177,
   1.838245736302177,
   1.838245736302177,
   1.838245736302177,
   1.838245736302177,
   1.838245736302177,
   1.838245736302177,
   1.838245736302177,
   1.838245736302177,
   1.838245736302177,
   1.838245736302177,
   1.838245736302177,
   1.838245736302177,
   1.838245736302177,
   1.838245736302177,
   1.838245736302177,
   1.838245736302177,
   1.838245736302177,
   1.838245736302177,
   1.838245736302177,
   2.212111182501284,
   2.212111182501284,
   2.2603689601681554,
   2.2603689601681554,
   2.2985386912014647,
   2.2985386912014647,
   2.2435343977624926,
   2.2435343977624926,
   2.335730126990631,
   2.335730126990631,
   3.5478004858542684,
   3.5478004858542684,
   3.563975189891649,
   3.563975189891649,
   4.5691361558976125,
   4.5691361558976125,
   4.59924890566788,
   4.59924890566788,
   4.6088752956620676,
   4.6088752956620676,
   4.776271301467494,
   4.776271301467494,
   4.765989194167544,
   4.765989194167544,
   4.787758505339668,
   4.787758505339668,
   4.799909705742794,
   4.799909705742794,
   4.765528716208673,
   4.765528716208673,
   4.774658703654056,
   4.774658703654056,
   4.682605465595608,
   4.682605465595608,
   4.763573935301182,
   4.763573935301182,
   4.7250266805645325,
   4.7250266805645325,
   4.755263246315567,
   4.755263246315567,
   4.770196539116014,
   4.770196539116014
  ],
  "O35": 2.6803969044265203,
  "O46": 2.7181245486670265,
  "date": "2023-02-27T11:51:00.683341",
  "mode": 0,
  "streamId": 42
 }
}
