{
 "/home/jherbots/Documents/projects/cross_layer_godash_paper/vegvisir/logs/cross_layer_paper/2023-02-27T_11-49-02/godashcl-bba2cl-double-ed-6s__tc-netem-cl-paper__quic-go/client/files/6sec_isoff-live_ElephantsDream_6s28.m4s.json": {
  "O23": 5.0,
  "O34": [
   1.838245736302177,
   1.838245736302177,
   1.838245736302177,
   1.838245736302177,
   1.838245736302177,
   1.838245736302177,
   1.838245736302177,
   1.838245736302177,
   1.838245736302177,
   1.838245736302177,
   1.838245736302177,
   1.838245736302177,
   1.838245736302177,
   1.838245736302177,
   1.838245736302177,
   1.838245736302177,
   1.838245736302177,
   1.838245736302177,
   1.838245736302177,
   1.838245736302177,
   1.838245736302177,
   1.838245736302177,
   1.838245736302177,
   1.838245736302177,
   2.2248528097863582,
   2.2248528097863582,
   2.2248528097863582,
   2.2248528097863582,
   2.2248528097863582,
   2.2248528097863582,
   2.2671609876293912,
   2.2671609876293912,
   2.2671609876293912,
   2.2671609876293912,
   2.2671609876293912,
   2.2671609876293912,
   2.3022938228023273,
   2.3022938228023273,
   2.3022938228023273,
   2.3022938228023273,
   2.3022938228023273,
   2.3669944325998253,
   2.3669944325998253,
   2.3669944325998253,
   2.3669944325998253,
   2.3669944325998253,
   2.3669944325998253,
   2.3600051781781644,
   2.3600051781781644,
   2.3600051781781644,
   2.3600051781781644,
   2.3600051781781644,
   2.3600051781781644,
   3.5735100281797836,
   3.5735100281797836,
   3.5735100281797836,
   3.5735100281797836,
   3.5735100281797836,
   3.5735100281797836,
   3.6169785756015496,
   3.6169785756015496,
   3.6169785756015496,
   3.6169785756015496,
   3.6169785756015496,
   3.6169785756015496,
   4.5918536407274875,
   4.5918536407274875,
   4.5918536407274875,
   4.5918536407274875,
   4.5918536407274875,
   4.5918536407274875,
   4.651310502195151,
   4.651310502195151,
   4.651310502195151,
   4.651310502195151,
   4.651310502195151,
   4.651310502195151,
   4.651310502195151,
   1.838245736302177,
   1.838245736302177,
   1.838245736302177,
   1.838245736302177,
   1.838245736302177,
   1.838245736302177,
   1.838245736302177,
   1.838245736302177,
   1.838245736302177,
   1.838245736302177,
   1.838245736302177,
   1.838245736302177,
   1.838245736302177,
   1.838245736302177,
   1.838245736302177,
   1.838245736302177,
   1.838245736302177,
   1.838245736302177,
   1.838245736302177,
   1.838245736302177,
   1.838245736302177,
   1.838245736302177,
   1.838245736302177,
   1.838245736302177,
   1.838245736302177,
   1.838245736302177,
   1.838245736302177,
   1.838245736302177,
   1.838245736302177,
   1.838245736302177,
   2.219941585277265,
   2.219941585277265,
   2.219941585277265,
   2.219941585277265,
   2.219941585277265,
   2.219941585277265,
   2.27708638918471,
   2.27708638918471,
   2.27708638918471,
   2.27708638918471,
   2.27708638918471,
   2.27708638918471,
   2.302968883587091,
   2.302968883587091,
   2.302968883587091,
   2.302968883587091,
   2.302968883587091,
   2.302968883587091,
   2.3694683535156336,
   2.3694683535156336,
   2.3694683535156336,
   2.3694683535156336,
   2.3694683535156336,
   2.3694683535156336,
   2.4193228099768804,
   2.4193228099768804,
   2.4193228099768804,
   2.4193228099768804,
   2.4193228099768804,
   2.4193228099768804,
   3.5746647295209346,
   3.5746647295209346,
   3.5746647295209346,
   3.5746647295209346,
   3.5746647295209346,
   3.5746647295209346,
   3.632613944600673,
   3.632613944600673,
   3.632613944600673,
   3.632613944600673,
   3.632613944600673,
   3.632613944600673,
   4.394383142647239,
   4.394383142647239,
   4.394383142647239,
   4.394383142647239,
   4.394383142647239,
   4.6196529898767205,
   4.6196529898767205,
   4.6196529898767205,
   4.6196529898767205,
   4.6196529898767205,
   4.6196529898767205,
   4.598943059869713,
   4.598943059869713,
   4.598943059869713,
   4.598943059869713,
   4.598943059869713,
   4.598943059869713,
   4.598943059869713
  ],
  "O35": 2.6307575720345313,
  "O46": 2.614827333853645,
  "date": "2023-02-27T12:36:52.462154",
  "mode": 0,
  "streamId": 42
 }
}
