{
 "/home/jherbots/Documents/projects/cross_layer_godash_paper/vegvisir/logs/cross_layer_paper/2023-02-27T_11-49-02/godashcl-bba2cl-ofm-4s__tc-netem-cl-paper__quic-go/client/files/4sec_isoff-live_OfForestAndMen_4s34.m4s.json": {
  "O23": 5.0,
  "O34": [
   1.838245736302177,
   1.838245736302177,
   1.838245736302177,
   1.838245736302177,
   1.838245736302177,
   1.838245736302177,
   1.838245736302177,
   1.838245736302177,
   1.838245736302177,
   1.838245736302177,
   1.838245736302177,
   1.838245736302177,
   1.838245736302177,
   1.838245736302177,
   1.838245736302177,
   2.2293528414283084,
   2.2293528414283084,
   2.2293528414283084,
   2.2293528414283084,
   2.2750189190814765,
   2.2750189190814765,
   2.2750189190814765,
   2.2750189190814765,
   2.3105999235965946,
   2.3105999235965946,
   2.3105999235965946,
   2.3105999235965946,
   2.368735194856055,
   2.368735194856055,
   2.368735194856055,
   2.368735194856055,
   3.518793157486387,
   3.518793157486387,
   3.518793157486387,
   3.518793157486387,
   3.5586697889286816,
   3.5586697889286816,
   3.5586697889286816,
   3.5586697889286816,
   3.6170702494130116,
   3.6170702494130116,
   3.6170702494130116,
   3.6170702494130116,
   4.1276891991580555,
   4.1276891991580555,
   4.1276891991580555,
   4.1276891991580555,
   4.1706818356021484,
   4.1706818356021484,
   4.1706818356021484,
   4.1706818356021484,
   1.838245736302177,
   1.838245736302177,
   1.838245736302177,
   1.838245736302177,
   1.838245736302177,
   1.838245736302177,
   1.838245736302177,
   1.838245736302177,
   1.838245736302177,
   1.838245736302177,
   1.838245736302177,
   1.838245736302177,
   2.218633890542807,
   2.218633890542807,
   2.218633890542807,
   2.218633890542807,
   2.2718863272015177,
   2.2718863272015177,
   2.2718863272015177,
   2.2718863272015177,
   2.2718863272015177,
   2.3054328617355435,
   2.3054328617355435,
   2.3054328617355435,
   2.3054328617355435,
   2.3592337886598598,
   2.3592337886598598,
   2.3592337886598598,
   2.3592337886598598,
   3.5114594654950713,
   3.5114594654950713,
   3.5114594654950713,
   3.5114594654950713,
   3.5668407571311587,
   3.5668407571311587,
   3.5668407571311587,
   3.5668407571311587,
   3.6042667805478334,
   3.6042667805478334,
   3.6042667805478334,
   3.6042667805478334,
   3.570954297147138,
   3.570954297147138,
   3.570954297147138,
   3.570954297147138,
   3.5231789634900696,
   3.5231789634900696,
   3.5231789634900696,
   3.5231789634900696,
   3.5196164850108893,
   3.5196164850108893,
   3.5196164850108893,
   3.5196164850108893,
   3.569438285938218,
   3.569438285938218,
   3.569438285938218,
   3.569438285938218,
   3.6108713977659694,
   3.6108713977659694,
   3.6108713977659694,
   3.6108713977659694,
   4.129468413125182,
   4.129468413125182,
   4.129468413125182,
   4.129468413125182,
   4.186590667732873,
   4.186590667732873,
   4.186590667732873,
   4.186590667732873,
   4.247252617055346,
   4.247252617055346,
   4.247252617055346,
   4.247252617055346,
   4.311455317518958,
   4.311455317518958,
   4.311455317518958,
   4.311455317518958,
   4.322267030870968,
   4.322267030870968,
   4.322267030870968,
   4.322267030870968,
   4.354527575362569,
   4.354527575362569,
   4.354527575362569,
   4.354527575362569
  ],
  "O35": 3.0247340296168557,
  "O46": 2.978156945102654,
  "date": "2023-02-27T12:15:50.746848",
  "mode": 0,
  "streamId": 42
 }
}
