{
 "/home/jherbots/Documents/projects/cross_layer_godash_paper/vegvisir/logs/cross_layer_paper/2023-02-27T_11-49-02/godashcl-bba2cl-double-bbb-6s__tc-netem-cl-paper__quic-go/client/files/6sec_isoff-live_BigBuckBunny_6s27.m4s.json": {
  "O23": 5.0,
  "O34": [
   1.838245736302177,
   1.838245736302177,
   1.838245736302177,
   1.838245736302177,
   1.838245736302177,
   1.838245736302177,
   1.838245736302177,
   1.838245736302177,
   1.838245736302177,
   1.838245736302177,
   1.838245736302177,
   1.838245736302177,
   1.838245736302177,
   1.838245736302177,
   1.838245736302177,
   1.838245736302177,
   1.838245736302177,
   1.838245736302177,
   1.838245736302177,
   1.838245736302177,
   1.838245736302177,
   1.838245736302177,
   1.838245736302177,
   1.838245736302177,
   2.2198288116970875,
   2.2198288116970875,
   2.2198288116970875,
   2.2198288116970875,
   2.2198288116970875,
   2.2198288116970875,
   2.2596408860564487,
   2.2596408860564487,
   2.2596408860564487,
   2.2596408860564487,
   2.2596408860564487,
   2.2596408860564487,
   2.3124399179126787,
   2.3124399179126787,
   2.3124399179126787,
   2.3124399179126787,
   2.3124399179126787,
   2.3627225419806406,
   2.3627225419806406,
   2.3627225419806406,
   2.3627225419806406,
   2.3627225419806406,
   2.3627225419806406,
   2.4139171649325815,
   2.4139171649325815,
   2.4139171649325815,
   2.4139171649325815,
   2.4139171649325815,
   2.4139171649325815,
   3.4696220052635485,
   3.4696220052635485,
   3.4696220052635485,
   3.4696220052635485,
   3.4696220052635485,
   3.4696220052635485,
   3.5203314576566025,
   3.5203314576566025,
   3.5203314576566025,
   3.5203314576566025,
   3.5203314576566025,
   3.5203314576566025,
   4.568426973325665,
   4.568426973325665,
   4.568426973325665,
   4.568426973325665,
   4.568426973325665,
   4.568426973325665,
   4.626881564760339,
   4.626881564760339,
   4.626881564760339,
   4.626881564760339,
   4.626881564760339,
   4.626881564760339,
   4.626881564760339,
   1.838245736302177,
   1.838245736302177,
   1.838245736302177,
   1.838245736302177,
   1.838245736302177,
   1.838245736302177,
   1.838245736302177,
   1.838245736302177,
   1.838245736302177,
   1.838245736302177,
   1.838245736302177,
   1.838245736302177,
   1.838245736302177,
   1.838245736302177,
   1.838245736302177,
   1.838245736302177,
   1.838245736302177,
   1.838245736302177,
   2.185803055822429,
   2.185803055822429,
   2.185803055822429,
   2.185803055822429,
   2.185803055822429,
   2.185803055822429,
   2.2434607465999568,
   2.2434607465999568,
   2.2434607465999568,
   2.2434607465999568,
   2.2434607465999568,
   2.2434607465999568,
   2.2791219944059207,
   2.2791219944059207,
   2.2791219944059207,
   2.2791219944059207,
   2.2791219944059207,
   2.2791219944059207,
   2.3495287951713655,
   2.3495287951713655,
   2.3495287951713655,
   2.3495287951713655,
   2.3495287951713655,
   2.3495287951713655,
   2.3696155206315566,
   2.3696155206315566,
   2.3696155206315566,
   2.3696155206315566,
   2.3696155206315566,
   2.3696155206315566,
   3.5671587283181427,
   3.5671587283181427,
   3.5671587283181427,
   3.5671587283181427,
   3.5671587283181427,
   3.5671587283181427,
   3.616797946491226,
   3.616797946491226,
   3.616797946491226,
   3.616797946491226,
   3.616797946491226,
   3.616797946491226,
   4.593028998896532,
   4.593028998896532,
   4.593028998896532,
   4.593028998896532,
   4.593028998896532,
   4.593028998896532,
   4.609769232561901,
   4.609769232561901,
   4.609769232561901,
   4.609769232561901,
   4.609769232561901,
   4.609769232561901,
   4.690150595244482,
   4.690150595244482,
   4.690150595244482,
   4.690150595244482,
   4.690150595244482,
   4.596128271498703,
   4.596128271498703,
   4.596128271498703,
   4.596128271498703,
   4.596128271498703,
   4.596128271498703,
   4.596128271498703
  ],
  "O35": 2.7431230994784106,
  "O46": 2.771233842298342,
  "date": "2023-02-27T12:02:28.447921",
  "mode": 0,
  "streamId": 42
 }
}
